Journal, Year, Authors, Title, Paper Ref, Country
Journal of medical imaging and radiation sciences, 2023 Oct 25, ['Atchut KA', 'Shetty L', 'Ravichandran K'], Role of diffusion tensor imaging in stenotic and non-stenotic spinal canal., 37891147
GeroScience, 2023 Oct 25, ['Muhammad F', 'Hameed S', 'Haynes G', 'Mohammadi E', 'Khan AF', 'Shakir H', 'Smith ZA'], Degenerative cervical myelopathy: establishing severity thresholds for neuromotor dysfunction in the aging spine using the NIH Toolbox Assessment Scale., 37880488
Spine, 2023 Oct 20, ['Ramírez Valencia M', 'Haddad SM', 'Pons Carreto A', 'García de Frutos A', 'Nuñez-Pereira S', 'PelliséUrquiza F'], Translation, adaptation and validation of a Spanish version of the Japanese orthopaedic association cervical myelopathy questionnaire., 37871230
Cureus, 2023 Sep 20, ['Nguyen AN', 'Niu AV', 'Ong LF', 'Lai N'], An Uncommon Presentation of Cervical Myelopathy., 37868422
The spine journal : official journal of the North American Spine Society, 2023 Oct 20, ['Mandelli F', 'Zhang Y', 'Nüesch C', 'Ewald H', 'Aghlmandi S', 'Halbeisen F', 'Schären S', 'Mündermann A', 'Netzer C'], Gait function assessed using 3D gait analysis in patients with cervical spinal myelopathy before and after surgical decompression: a systematic review and meta-analysis., 37866484
Journal of craniovertebral junction & spine, 2023 Sep 18, ['Ledesma JA', 'Issa TZ', 'Lambrechts MJ', 'Hiranaka CG', 'Tran K', "O'Connor P", 'Canseco JA', 'Hilibrand AS', 'Kepler CK', 'Albert TJ', 'Vaccaro AR', 'Schroeder GD', 'Anderson DG'], Multilevel ossification of the posterior longitudinal ligament causing cervical myelopathy: An observational series of North American patients., 37860025
JBJS case connector, 2023 Oct 19, ['Shimizu T', 'Otsuki B', 'Sono T', 'Matsuda S'], Blade-Related Vertebral Fracture After Anterior Cervical Discectomy and Fusion with a Zero-Profile Cage: A Case Report., 37856621
Journal of clinical neuroscience : official journal of the Neurosurgical Society of Australasia, 2023 Oct 10, ['Rujeedawa T', 'Mowforth OD', 'Brannigan J', 'Magee J', 'Francis JJ', 'Laing RJ', 'Davies BM', 'Kotter MR'], A single centre service evaluation of degenerative cervical and thoracic myelopathy., 37826868
Neurosurgery, 2023 Oct 12, ['Johansen TO', 'Holmberg ST', 'Danielsen E', 'Rao V', 'Salvesen ØO', 'Andresen H', 'Carmen VLA', 'Solberg TK', 'Gulati S', 'Nygaard ØP'], Long-Term Results After Surgery for Degenerative Cervical Myelopathy., 37823669
Veterinary pathology, 2023 Oct 11, ['Metcalfe A', 'Dennis MM', 'Ramsay EC', 'Cushing A'], Spinal disease in a captive population of Panthera species: Review of 86 cases (2003-2021)., 37818973
JMIR research protocols, 2023 Oct 9, ['Sangeorzan I', 'Antonacci G', 'Martin A', 'Grodzinski B', 'Zipser CM', 'Murphy RKJ', 'Andriopoulou P', 'Cook CE', 'Anderson DB', 'Guest J', 'Furlan JC', 'Kotter MRN', 'Boerger TF', 'Sadler I', 'Roberts EA', 'Wood H', 'Fraser C', 'Fehlings MG', 'Kumar V', 'Jung J', 'Milligan J', 'Nouri A', 'Martin AR', 'Blizzard T', 'Vialle LR', 'Tetreault L', 'Kalsi-Ryan S', 'MacDowall A', 'Martin-Moore E', 'Burwood M', 'Wood L', 'Lalkhen A', 'Ito M', 'Wilson N', 'Treanor C', 'Dugan S', 'Davies BM'], Toward Shared Decision-Making in Degenerative Cervical Myelopathy: Protocol for a Mixed Methods Study., 37812472
GeroScience, 2023 Oct 6, ['Khan AF', 'Muhammad F', 'Mohammadi E', "O'Neal C", 'Haynes G', 'Hameed S', 'Walker B', 'Rohan ML', 'Yabluchanskiy A', 'Smith ZA'], Beyond the aging spine - a systematic review of functional changes in the human brain in cervical spondylotic myelopathy., 37801201
The spine journal : official journal of the North American Spine Society, 2023 Oct 4, ['Karabacak M', 'Margetis K'], Natural language processing reveals research trends and topics in the spine journal over two decades: a topic modeling study., 37797843
Journal of clinical neuroscience : official journal of the Neurosurgical Society of Australasia, 2023 Sep 30, ['Davies BM', 'Banerjee A', 'Mowforth OD', 'Kotter MRN', 'Newcombe VFJ'], Is the type and/or co-existence of degenerative spinal pathology associated with the occurrence of degenerative cervical myelopathy? A single centre retrospective analysis of individuals with MRI defined cervical cord compression., 37783068
Clinical spine surgery, 2023 Sep 27, ['Roth SG', 'Robles Ortiz MJ', 'Vulapalli M', 'Riew KD'], Revision Strategies for Cervical Disc Arthroplasty., 37752631
Orthopaedic surgery, 2023 Sep 25, ['Li Q', 'Hu B', 'Masood U', 'Zhang Z', 'Yang X', 'Liu L', 'Feng G', 'Yang H', 'Song Y'], A Comparison of Corpectomy ACDF Hybrid Procedures with Nano-Hydroxyapatite/Polyamide 66 Cage and Titanium Mesh Cage for Multi-level Degenerative Cervical Myelopathy: A Stepwise Propensity Score Matching Analysis., 37749767
Frontiers in neurology, 2023 Sep 7, ['Naghdi N', 'Elliott JM', 'Weber MH', 'Fehlings MG', 'Fortin M'], Cervical muscle morphometry and composition demonstrate prognostic value in degenerative cervical myelopathy outcomes., 37745653
Fluids and barriers of the CNS, 2023 Sep 25, ['Kim HW', 'Yong H', 'Shea GKH'], Blood-spinal cord barrier disruption in degenerative cervical myelopathy., 37743487
International journal of surgery case reports, 2023 Sep 14, ['Afzal S', 'Komlakh K', 'Targhi NZ', 'Fard SB', 'Shafizadeh E', 'Athari M'], Compressive cervical myelopathy due to calcium pyrophosphate dihydrate deposition in ligamentum flavum: A case report and review of literature., 37742352
Clinical spine surgery, 2023 Sep 14, ['Yee TJ', 'Mummaneni PV'], Biomechanics of Cervical Disk Replacement: Classifying Arthroplasty Implants., 37735758
Neurotrauma reports, 2023 Sep 6, ['Uddin T', 'Islam MT', 'Hossain M', 'Hossain MS', 'Salek AKM', 'Islam MJ', 'Haque S', 'Rahim HR', 'Hossain MS', 'Hassanuzzaman M', 'Islam M', 'Khan MUH', 'Ahmed S', 'Mahmud K', 'Hasan MR', 'Tasnim A', 'Haque MA'], Demographic and Clinical Characteristics of Persons With Spinal Cord Injury in Bangladesh: Database for the International Spinal Cord Injury Community Survey 2023., 37731648
Journal of neurosurgery. Spine, 2023 Aug 18, ['Wilson JRF', 'Badhiwala JH', 'Moghaddamjou A', 'Vaccaro AR', 'Arnold PM', 'Bartels RHMA', 'Barbagallo G', 'Fehlings MG'], Adverse effects of frailty on the outcomes of surgery for degenerative cervical myelopathy: results from a prospective multicenter international data set of 757 patients., 37728372
BMC medical imaging, 2023 Sep 19, ['Tian A', 'Gao H', 'Wang Z', 'Li N', 'Ma J', 'Guo L', 'Ma X'], Brain structural correlates of postoperative axial pain in degenerative cervical myelopathy patients following posterior cervical decompression surgery: a voxel-based morphometry study., 37726693
The spine journal : official journal of the North American Spine Society, 2023 Sep 15, ['Li J', 'Zhao R', 'Wang C', 'Guo X', 'Song J', 'Chu X'], Abnormal preoperative fMRI signal variability in the pain ascending pathway is associated with the postoperative axial pain intensity in degenerative cervical myelopathy patients., 37716550
Global spine journal, 2023 Sep 14, ['Kanematsu R', 'Hanakita J', 'Inoue T', 'Minami M', 'Suda I', 'Nakamura S', 'Ueno M', 'Takahashi T'], Analysis of Neurogenic Bowel and Bladder Dysfunction Following Decompression Surgery for Cervical Spondylotic Myelopathy: A Prospective Cohort Study., 37707793
European radiology, 2023 Sep 14, ['Liang X', 'Wang X', 'Chen Y', 'He D', 'Li L', 'Chen G', 'Li J', 'Li J', 'Liu S', 'Xu Z'], Predictive value of intraoperative contrast-enhanced ultrasound in functional recovery of non-traumatic cervical spinal cord injury., 37707550
The spine journal : official journal of the North American Spine Society, 2023 Sep 11, ['Yu D', 'Chang MC', 'Jeon I', 'Kim SW'], Diagnostic and prognostic significance of preoperative evoked potential tests in degenerative cervical myelopathy., 37704047
JMIR formative research, 2023 Sep 12, ['Yordanov S', 'Yang X', 'Mowforth O', 'K Demetriades A', 'Ivanov M', 'Vergara P', 'Gardner A', 'Pereira E', 'Bateman A', 'Alamri A', 'Francis J', 'Trivedi R', 'Kotter M', 'Davies B', 'Budu A', 'POLYFIX-DCM research Collaborative Group'], Factors Influencing Surgical Decision-Making in the Posterior Laminectomy With Fixation for Degenerative Cervical Myelopathy (POLYFIX-DCM) Trial: Survey Study., 37698903
Clinical spine surgery, 2023 Sep 8, ['Schupper AJ', 'Boylan AJ', 'Houten JK'], Is Cervical Disk Arthroplasty a Suitable Alternative to Treat Degenerative Cervical Myelopathy?, 37684716
Global spine journal, 2023 Sep 8, ['Chen R', 'Liu J', 'Zhao Y', 'Diao Y', 'Chen X', 'Pan S', 'Zhang F', 'Sun Y', 'Zhou F'], Predictive Value of Preoperative Short Form-36 Survey Scale for Postoperative Axial Neck Pain in Patients With Degenerative Cervical Myelopathy., 37684040
Frontiers in medicine, 2023 Aug 22, ['Butler MB', 'Vellaiyappan SK', 'Bhatti F', 'Syed FE', 'Rafati Fard A', 'Teh JQ', 'Grodzinski B', 'Akhbari M', 'Adeeko S', 'Dilworth R', 'Bhatti A', 'Waheed U', 'Robinson S', 'Osunronbi T', 'Walker B', 'Ottewell L', 'Suresh G', 'Kuhn I', 'Davies BM', 'Kotter MRN', 'Mowforth OD'], The impact of phosphodiesterase inhibition on neurobehavioral outcomes in preclinical models of traumatic and non-traumatic spinal cord injury: a systematic review., 37675134
Spine, 2023 Sep 4, ['Shukla G', 'Matur AV', 'Tao X', 'Khalid S', 'Garner R', 'Gibson J', 'Cass D', 'Wu A', 'Street S', 'Garcia-Vargas J', 'Mehta J', 'Childress K', 'Duah HO', 'Motley B', 'Cheng J', 'Adogwa O'], Synthetic Interbody Devices and Traditional Bone Graft are Associated With a Similar Rate of Surgical Complications after 1-2 level ACDFs., 37661823
The spine journal : official journal of the North American Spine Society, 2023 Sep 1, ['Mai E', 'Shahi P', 'Lee R', 'Shinn DJ', 'Vaishnav A', 'Araghi K', 'Singh N', 'Maayan O', 'Tuma OC', 'Pajak A', 'Asada T', 'Korsun MK', 'Singh S', 'Kim YE', 'Louie PK', 'Huang RC', 'Albert TJ', 'Dowdell J', 'Sheha ED', 'Iyer S', 'Qureshi SA'], Risk factors for failure to achieve minimal clinically important difference following cervical disc replacement., 37660897
Neurosurgical focus, , ['Porche K', 'Vaziri S', 'Stein A', 'Awan O', 'Kubilis PS', 'Lipori P', 'Hoh DJ', 'Polifka A', 'Fox WC'], The effect of myelopathic symptoms on hospital costs, length of stay, and discharge location in anterior cervical discectomy and fusion., 37657101
Interactive journal of medical research, 2023 Aug 28, ['Rujeedawa T', 'Mowforth O', 'Kotter M', 'Davies B'], Rapidly Deteriorating Degenerative Cervical Myelopathy Following Ventricular Shunt Revision for Hydrocephalus: Case Report., 37639306
Heliyon, 2023 Aug 14, ['Du W', 'Wang HX', 'Lv J', 'Wang S', 'Shen Y', 'Zhang X', 'Chen R', 'Zhang L'], Cervical alignment and clinical outcome of anterior cervical discectomy and fusion vs. anterior cervical corpectomy and fusion in local kyphotic cervical spondylotic myelopathy., 37636480
Clinical neurology and neurosurgery, 2023 Aug 15, ['Filimonova E', 'Vasilenko I', 'Kubetsky Y', 'Prokhorov O', 'Abdaev M', 'Rzaev J'], Brainstem and subcortical regions volume loss in patients with degenerative cervical myelopathy and its association with spinal cord compression severity., 37634395
Journal of clinical medicine, 2023 Aug 19, ['Kitsuda Y', 'Wada T', 'Tanishima S', 'Osaki M', 'Nagashima H', 'Hagino H'], Impact of Sarcopenia on Spinal Spondylosis: A Literature Review., 37629443
European radiology, 2023 Aug 15, ['Lin C', 'Chen G', 'Li J', 'Shi L', 'Zhu Z', 'Wei F', 'Chen N', 'Liu S'], An innovative approach to assess spinal canal expansion following French-door cervical laminoplasty by intraoperative ultrasonography., 37581658
, , ['Fakhoury J', 'Dowling TJ'], Cervical Degenerative Disc Disease., 32809607
The spine journal : official journal of the North American Spine Society, 2023 Aug 6, ['Sarraj M', 'Hache P', 'Foroutan F', 'Oitment C', 'Marion TE', 'Guha D', 'Pahuta M'], Natural history of degenerative cervical myelopathy: a meta-analysis and neurologic deterioration survival curve synthesis., 37549831
Journal of veterinary internal medicine, 2023 Aug 7, ['Enriquez CK', 'Morrow JK', 'Graves A', 'Johnson A'], Evaluation of real-time polymerase chain reaction for the diagnosis of protozoal myeloencephalitis in horses using cerebrospinal fluid., 37549306
The spine journal : official journal of the North American Spine Society, 2023 Jul 31, ['Song J', 'Li J', 'Zhao R', 'Chu X'], Developing predictive models for surgical outcomes in patients with degenerative cervical myelopathy: a comparison of statistical and machine learning approaches., 37531977
BMC musculoskeletal disorders, 2023 Jul 27, ['Li Z', 'Liang Q', 'Li H', 'Lin X', 'Meng J', 'Yang D', 'Li C', 'Liang Y', 'Yang Y', 'Lin Y', 'Liang Z'], Fatty infiltration of the cervical multifidus musculature and its clinical correlation to cervical spondylosis., 37501110
Military medicine, 2023 Jul 25, ['Dewar C', 'Ravindra VM', 'Woodle S', 'Scanlon M', 'Shields M', 'Yokoi H', 'Meister M', 'Porensky P', 'Bossert S', 'Ikeda DS'], Effect of Fusion and Arthroplasty for Cervical Degenerative Disc Disease in Active Duty Service Members Performed at an Overseas Military Treatment Facility: A 2-Year Retrospective Analysis., 37489817
Clinical spine surgery, 2023 Jul 21, ['Okada R', 'Son SM', 'Fresquez Z', 'Formanek B', 'Mertz K', 'Buser Z', 'Wang JC'], Association of Hyperlipidemia With Perioperative Complications in Posterior Cervical Spine Fusion: A Comparative Retrospective Study., 37482645
Frontiers in neurology, 2023 Jul 5, ['Sun X', 'Zhao Q', 'Zhang L', 'Yuan H'], Differences of spinal cord gadolinium enhancement features of neuromyelitis optica spectrum disorder and long-segment degenerative cervical myelopathy., 37475740
Journal of education & teaching in emergency medicine, 2022 Oct 15, ['Ornelas-Dorian C', 'Jhun P'], A Case Report of a Man with Burning Arm and Leg Weakness., 37465137
BMJ open, 2023 Jul 18, ['Davies B', 'Brannigan J', 'Mowforth OD', 'Khan D', 'McNair AGK', 'Tetreault L', 'Sadler I', 'Sarewitz E', 'Aarabi B', 'Kwon B', 'Gronlund T', 'Rahimi-Movaghar V', 'Zipser CM', 'Hutchinson PJ', 'Kurpad S', 'Harrop JS', 'Wilson JR', 'Guest JD', 'Fehlings MG', 'Kotter MRN'], Secondary analysis of a James Lind Alliance priority setting partnership to facilitate knowledge translation in degenerative cervical myelopathy (DCM): insights from AO Spine RECODE-DCM., 37463815
International journal of spine surgery, 2023 Jul 17, ['Guadarrama-Ortiz P', 'Ruíz-Rivero CO', 'Capi-Casillas D', 'Román-Villagómez A', 'Prieto-Rivera ÁD', 'Choreño-Parra JA'], Demographic and Clinical Characteristics of Patients With Cervical Spine Degeneration Reveal Frequent Cervicolumbar Tandem Spinal Stenosis in Mexico., 37460237
North American Spine Society journal, 2023 Jun 28, ['Inose H', 'Takahashi T', 'Matsukura Y', 'Hashimoto J', 'Utagawa K', 'Egawa S', 'Yamada K', 'Hirai T', 'Takahashi K', 'Yoshii T'], Effect of vitamin D deficiency on surgical outcomes of degenerative cervical myelopathy., 37457393
Annals of medicine, , ['Shin DA', 'Lee SH', 'Oh S', 'Yoo C', 'Yang HJ', 'Jeon I', 'Park SB'], Probabilistic graphical modelling using Bayesian networks for predicting clinical outcome after posterior decompression in patients with degenerative cervical myelopathy., 37435966
Spine, 2023 Jul 6, ['Nakarai H', 'Kato S', 'Yamato Y', 'Kodama H', 'Ohba Y', 'Sasaki K', 'Iizuka T', 'Tozawa K', 'Urayama D', 'Komatsu N', 'Okazaki R', 'Oshina M', 'Ogiso S', 'Masuda K', 'Maayan O', 'Tanaka S', 'Oshima Y'], Quality of Life and Postoperative Satisfaction in Patients with Benign Extramedullary Spinal Tumors: A Multicenter Study., 37417695
North American Spine Society journal, 2023 May 30, ['Bakr O', 'Soufi K', 'Jones Q', 'Bautista B', 'Van B', 'Booze Z', 'Martin AR', 'Klineberg EO', 'Le H', 'Ebinu JO', 'Kim KD', 'Javidan Y', 'Roberto RF'], Laminoplasty versus laminectomy with fusion for treating multilevel degenerative cervical myelopathy., 37416091
Acta neurochirurgica, 2023 Jul 6, ['Lenga P', 'Papakonstantinou V', 'Kiening K', 'Unterberg AW', 'Ishak B'], Outcomes of cervical spinal stenosis surgery in patients aged ≥ 65 years based on insurance status: a single-center cohort study from a tertiary center in Germany., 37410186
Global spine journal, 2023 Jul 5, ['Farahbakhsh F'], Letter to the Editor on "Imaging and Electrophysiology for Degenerative Cervical Myelopathy [AO Spine RECODE-DCM Research Priority Number 9]" by Allan R. Martin et al., 37408439
Orthopedic reviews, 2023 Jul 1, ['Gruenberger EH', 'Vatsia SK', 'Stay RM', 'Kersey C', 'Khan MA', 'Pahl DW'], The Hoffmann parallax: a prospective study to determine the benefit of Hoffmann's sign., 37405273
Neurospine, 2023 Jun 30, ['He Z', 'Tung NTC', 'Makino H', 'Yasuda T', 'Seki S', 'Suzuki K', 'Watanabe K', 'Futakawa H', 'Kamei K', 'Kawaguchi Y'], Assessment of Cervical Myelopathy Risk in Ossification of the Posterior Longitudinal Ligament Patients With Spinal Cord Compression Based on Segmental Dynamic Versus Static Factors., 37401084
Cureus, 2023 May 29, ['Baumann AN', 'Chen M', 'Ahorukomeye P', 'Furey CG', 'Cheng CW'], Factors Associated With the Rate of Recovery After Cervical Decompression Surgery for Degenerative Cervical Myelopathy: A Retrospective Analysis., 37388584
Neuroradiology, 2023 Jun 30, ['Hohenhaus M', 'Klingler JH', 'Scholz C', 'Volz F', 'Hubbe U', 'Beck J', 'Reisert M', 'Würtemberger U', 'Kremers N', 'Wolf K'], Automated signal intensity analysis of the spinal cord for detection of degenerative cervical myelopathy - a matched-pair MRI study., 37386202
Brain & spine, 2023 Apr 13, ['Schaefer SD', 'Davies BM', 'Newcombe VFJ', 'Sutcliffe MPF'], Could spinal cord oscillation contribute to spinal cord injury in degenerative cervical myelopathy?, 37383476
Archives of orthopaedic and trauma surgery, 2023 Jun 28, ['Di Martino A', 'Brunello M', 'Villari E', 'Cataldi P', "D'Agostino C", 'Faldini C'], Bone marrow edema of the hip: a narrative review., 37378892
Journal of clinical medicine, 2023 Jun 18, ['Kang KC', 'Jang TS', 'Choi SH', 'Kim HW'], Difference between Anterior and Posterior Cord Compression and Its Clinical Implication in Patients with Degenerative Cervical Myelopathy., 37373804
Veterinary sciences, 2023 May 28, ['Chang YP', 'Huang WH', 'Lua WZ', 'Wong W', 'Liu IH', 'Liu CH'], Outcomes in Dogs with Multiple Sites of Cervical Intervertebral Disc Disease Treated with Single Ventral Slot Decompression., 37368763
Neurosurgical review, 2023 Jun 26, ['Bonosi L', 'Musso S', 'Cusimano LM', 'Porzio M', 'Giovannini EA', 'Benigno UE', 'Giammalva GR', 'Gerardi RM', 'Brunasso L', 'Costanzo R', 'Paolini F', 'Sciortino A', 'Campisi BM', 'Giardina K', 'Scalia G', 'Iacopino DG', 'Maugeri R'], The role of neuronal plasticity in cervical spondylotic myelopathy surgery: functional assessment and prognostic implication., 37358655
The spine journal : official journal of the North American Spine Society, 2023 Jun 23, ['Li H', 'Ma Z', 'Wang X', 'Yuan S', 'Tian Y', 'Wang L', 'Liu X'], Comparative study of preoperative sagittal alignment between patients with multisegment cervical ossification of the posterior longitudinal ligament and cervical spondylotic myelopathy., 37355047
Digital health, 2023 Jun 5, ['Ibara T', 'Matsui R', 'Koyama T', 'Yamada E', 'Yamamoto A', 'Tsukamoto K', 'Kaburagi H', 'Nimura A', 'Yoshii T', 'Okawa A', 'Saito H', 'Sugiura Y', 'Fujita K'], Screening for degenerative cervical myelopathy with the 10-second grip-and-release test using a smartphone and machine learning: A pilot study., 37312962
Journal of neurosurgery. Spine, 2023 Jun 2, ['Federico VP', 'Zavras AG', 'Nie JW', 'Butler AJ', 'Munim MA', 'Nolte MT', 'Lopez GD', 'An HS', 'Colman MW', 'Phillips FM'], Does disc distraction after cervical total disc arthroplasty impact range of motion and patient-reported outcomes?, 37310033
Biomechanics and modeling in mechanobiology, 2023 Jun 12, ['Vedantam A', 'Harinathan B', 'Purushothaman Y', 'Scripp S', 'Banerjee A', 'Warraich A', 'Budde MD', 'Yoganandan N'], Determinants of spinal cord stress and strain in degenerative cervical myelopathy: a patient-specific finite element study., 37306885
The spine journal : official journal of the North American Spine Society, 2023 Jun 9, ['Malhotra AK', 'Shakil H', 'Harrington EM', 'Fehlings MG', 'Wilson JR', 'Witiw CD'], Early surgery compared to nonoperative management for mild degenerative cervical myelopathy: a cost-utility analysis., 37302415
British journal of neurosurgery, 2023 Jun 7, ['Yang C', 'Mowforth OD', 'Rafati Fard A', 'Davies BM', 'Laing RJC'], Acute quadriplegia and death following a routine MRI for undiagnosed degenerative cervical myelopathy., 37287190
Clinics in orthopedic surgery, 2023 Apr 18, ['Kim N', 'Cho S', 'Kim TH', 'Oh JK', 'Moon SH', 'Kim SW'], Comparison of Midline Splitting versus Unilateral Open Door Laminoplasty and Its Impact on Patient Outcomes., 37274492
, , ['Sharma R', 'Sekhon S', 'Cascella M'], White Matter Lesions., 32965838
Spine, 2023 May 30, ['Shlykov MA', 'Giles EM', 'Kelly MP', 'Lin SJ', 'Pham VT', 'Saccone NL', 'Yanik EL'], Evaluation of Genetic and Nongenetic Risk Factors for Degenerative Cervical Myelopathy., 37249397
Journal of personalized medicine, 2023 Apr 23, ['Lewandrowski KU', 'Yeung A', 'Lorio MP', 'Yang H', 'Ramírez León JF', 'Sánchez JAS', 'Fiorelli RKA', 'Lim KT', 'Moyano J', 'Dowling Á', 'Sea Aramayo JM', 'Park JY', 'Kim HS', 'Zeng J', 'Meng B', 'Gómez FA', 'Ramirez C', 'De Carvalho PST', 'Rodriguez Garcia M', 'Garcia A', 'Martínez EE', 'Gómez Silva IM', 'Valerio Pascua JE', 'Duchén Rodríguez LM', 'Meves R', 'Menezes CM', 'Carelli LE', 'Cristante AF', 'Amaral R', 'de Sa Carneiro G', 'Defino H', 'Yamamoto V', 'Kateb B', 'On Behalf Of Teams/Organizations/Institutions'], Personalized Interventional Surgery of the Lumbar Spine: A Perspective on Minimally Invasive and Neuroendoscopic Decompression for Spinal Stenosis., 37240880
World neurosurgery, 2023 May 24, ['Nagata K', 'Miyahara J', 'Tozawa K', 'Ito Y', 'Schmidt G', 'Chang C', 'Sasaki K', 'Yamato Y', 'Ohtomo N', 'Nakajima K', 'Kato S', 'Doi T', 'Taniguchi Y', 'Matsubayashi Y', 'Sumitani M', 'Tanaka S', 'Oshima Y'], Adaptation and Limitations of painDETECT Questionnaire Score Approach Before and After Posterior Cervical Decompression Surgery., 37236307
Asian spine journal, 2023 May 25, ['Rodrigues AJ', 'Schonfeld E', 'Varshneya K', 'Stienen MN', 'Veeravagu A'], The Impact of Preoperative Myelopathy on Postoperative Outcomes among Anterior Cervical Discectomy and Fusion Procedures in the Nonelderly Adult Population: A Propensity-Score Matched Study., 37226379
North American Spine Society journal, 2023 Apr 14, ['Das A', 'Vazquez S', 'Stein A', 'Greisman JD', 'Ng C', 'Ming T', 'Vaserman G', 'Spirollari E', 'Naftchi AF', 'Dominguez JF', 'Hanft SJ', 'Houten J', 'Kinon MD'], Disparities in anterior cervical discectomy and fusion provision and outcomes for cervical stenosis., 37214264
Journal of medical Internet research, 2023 May 22, ['Elkaim LM', 'Levett JJ', 'Niazi F', 'Alvi MA', 'Shlobin NA', 'Linzey JR', 'Robertson F', 'Bokhari R', 'Alotaibi NM', 'Lasry O'], Cervical Myelopathy and Social Media: Mixed Methods Analysis., 37213188
Cureus, 2023 Apr 17, ['Joseph AM', 'Karas M', 'Joubran E', 'Jara Silva CE', 'Cordova S', 'Sinha M', 'Salam A', 'Leyva MM', 'Quinonez J', 'Ruxmohan S'], Recent Advancements in Epidural Etanercept for Pain Management in Radiculopathy: A Literature Review., 37206531
PloS one, 2023 May 19, ['Sangeorzan I', 'Andriopoulou P', 'Davies BM', 'McNair A'], The information needs of people with degenerative cervical myelopathy: A qualitative study to inform patient education in clinical practice., 37205664
European spine journal : official publication of the European Spine Society, the European Spinal Deformity Society, and the European Section of the Cervical Spine Research Society, 2023 May 17, ['Xiong X', 'Liu JM', 'Chen WW', 'Liu ZH', 'Zhou RP', 'Chen JW', 'Liu ZL'], Outcomes of different zero-profile spacers in the treatment of two-level cervical degenerative disk disease., 37198504
Journal of orthopaedic surgery and research, 2023 May 17, ['Peloza J', 'Malone H', 'Jacobian E', 'Kolsky DE', 'Harel R', 'Guyer RD', 'Millgram MA', 'Ashkenazi E'], The use of a new high-speed shielded curved drill is associated with improved intraoperative and clinical outcomes after cervical corpectomy and fusion procedures: a retrospective case series., 37194059
JMIR formative research, 2023 May 9, ['Brannigan JFM', 'Mowforth OD', 'Rogers M', 'Wood H', 'Karimi Z', 'Kotter MRN', 'Davies BM'], Osteopathy in the Early Diagnosis and Management of Degenerative Cervical Myelopathy: National Survey., 37159244
Spine, 2022 Sep 21, ['Shahi P', 'Subramanian T', 'Singh N', 'Shinn D', 'Dalal S', 'Song J', 'Araghi K', 'Melissaridou D', 'Sheha E', 'Dowdell J', 'Qureshi SA', 'Iyer S'], NDI <21 Denotes Patient Acceptable Symptom State After Degenerative Cervical Spine Surgery., 37158464
Scientific reports, 2023 May 6, ['Schmidt TP', 'Jütten K', 'Bertram U', 'Brandenburg LO', 'Pufe T', 'Delev D', 'Gombert A', 'Mueller CA', 'Clusmann H', 'Blume C'], Blood spinal cord barrier disruption recovers in patients with degenerative cervical myelopathy after surgical decompression: a prospective cohort study., 37149638
European spine journal : official publication of the European Spine Society, the European Spinal Deformity Society, and the European Section of the Cervical Spine Research Society, 2023 May 6, ['Kim MS', 'Gilbert ZD', 'Bajouri Z', 'Telang S', 'Fresquez Z', 'Pickering TA', 'Son SM', 'Alluri RK', 'Wang JC', 'Buser Z'], What does degeneration at the cervicothoracic junction tell us? A kinematic MRI study of 93 individuals., 37148392
Acta orthopaedica et traumatologica turcica, , ['Yalçın Demirci AY', 'Yiğitkanlı K'], An unusual case of pediatric cervical myelopathy due to congenital spinal canal stenosis., 37140247
European spine journal : official publication of the European Spine Society, the European Spinal Deformity Society, and the European Section of the Cervical Spine Research Society, 2023 Apr 30, ['Yu Z', 'Chen C', 'Yu T', 'Ye Y', 'Zheng X', 'Zhan S', 'Zeng S', 'Zou X', 'Chang Y'], Electrophysiological evidence of diabetes' impacts on central conduction recoveries in degenerative cervical myelopathy after surgery., 37120776
Clinical imaging, 2023 Apr 18, ['Kavanagh MD', 'Jain V', 'Rascoe AS', 'Ritter KA', 'Kelly ML', 'Vallier HA', 'Como JJ'], Canal narrowing in adult patients with cervical spinal cord injury without computed tomography evidence of trauma., 37119564
Journal of orthopaedic science : official journal of the Japanese Orthopaedic Association, 2023 Apr 25, ['Shibata T', 'Ota H', 'Takemitsu Y', 'Iguchi Y', 'Kida Y', 'Tahara K'], Severe cervical kyphosis in a young adult with fixed dropped head syndrome, dysphagia, and myelopathy: A case report., 37105788
Journal of veterinary internal medicine, 2023 Apr 25, ['Luethy D', 'Colmer S', 'Jodzio D', 'Bender S', 'Porter E', 'Hemmen Z', 'Fultz L', 'Craft W', 'Walker R', 'Johnson A', 'Holbrook T'], Subarachnoid hemorrhage and axonal degeneration after C1-C2 cervical centesis in 2 horses., 37096918
BMC medical research methodology, 2023 Apr 22, ['Mowforth OD', 'Burn L', 'Khan DZ', 'Yang X', 'Stacpoole SRL', 'Gronlund T', 'Tetreault L', 'Kalsi-Ryan S', 'Starkey ML', 'Sadler I', 'Sarewitz E', 'Houlton D', 'Carter J', 'Howard P', 'Rahimi-Movaghar V', 'Guest JD', 'Aarabi B', 'Kwon BK', 'Kurpad SN', 'Harrop J', 'Wilson JR', 'Grossman R', 'Smith EK', 'McNair A', 'Fehlings MG', 'Kotter MRN', 'Davies BM'], Lived experience-centred word clouds may improve research uncertainty gathering in priority setting partnerships., 37087419
Journal of neurosurgery. Spine, 2023 Apr 21, ['Paek S', 'Zelenty WD', 'Dodo Y', 'Sarin M', 'Shue J', 'Soffin EM', 'Cammisa FP', 'Girardi FP', 'Sama AA', 'Lyman S', 'Hughes AP'], Up to 10-year surveillance comparison of survivability in single-level cervical disc replacement versus anterior cervical discectomy and fusion in New York., 37086159
Cureus, 2023 Mar 19, ['Patel PR', 'Swanson RL 2nd', 'Caldera FE'], Subacute Combined Degeneration Masking Spinal Stenosis: A Case Report., 37082480
Skeletal radiology, 2023 Apr 18, ['Hesni S', 'Baxter D', 'Saifuddin A'], The imaging of cervical spondylotic myeloradiculopathy., 37071191
Postgraduate medical journal, , ['Wang J', 'Wo J', 'Wen J', 'Zhang L', 'Xu W', 'Wang X'], Laminoplasty versus laminectomy with fusion for treatment of multilevel cervical compressive myelopathy: an updated meta-analysis., 37062984
Journal of neurosurgery. Spine, 2023 Apr 7, ['Vedantam A', 'Harinathan B', 'Warraich A', 'Budde MD', 'Yoganandan N'], Differences in spinal cord biomechanics after laminectomy, laminoplasty, and laminectomy with fusion for degenerative cervical myelopathy., 37029671
Surgical neurology international, 2023 Mar 24, ['Mariniello G', 'Corvino S', 'Corazzelli G', 'Maiuri F'], Cervical epidural abscess complicated by a pharyngoesophageal perforation after anterior cervical spine surgery for subaxial spondylodiscitis., 37025524
Neurologia medico-chirurgica, 2023 Apr 6, ['Doi K', 'Tani S', 'Okazaki T', 'Mizuno J'], Risk Factors of Subsidence after Anterior Cervical Discectomy and Fusion with Double Cylindrical Cages for Cervical Degenerative Diseases: Minimum Two-year Follow-up Results., 37019651
